{"cameraMode":{"drawMode":0,"name":"Shaded","section":"Shading Mode"},"sceneLighting":true,"audioPlay":false,"sceneViewState":{"m_AlwaysRefresh":false,"showFog":true,"showSkybox":true,"showFlares":true,"showImageEffects":true,"showParticleSystems":true,"showVisualEffectGraphs":true,"m_FxEnabled":true},"in2DMode":false,"pivot":{"x":-0.057060182094573978,"y":1.018890142440796,"z":-0.240433931350708},"rotation":{"x":-0.002654152223840356,"y":-0.9945266842842102,"z":0.10028835386037827,"w":-0.026566820219159128},"size":1.897843360900879,"orthographic":true}