{"cameraMode":{"drawMode":0,"name":"Shaded","section":"Shading Mode"},"sceneLighting":true,"audioPlay":false,"sceneViewState":{"m_AlwaysRefresh":false,"showFog":true,"showSkybox":true,"showFlares":true,"showImageEffects":true,"showParticleSystems":true,"showVisualEffectGraphs":true,"m_FxEnabled":true},"in2DMode":false,"pivot":{"x":-1.3178420066833497,"y":-0.2135004997253418,"z":-0.13995742797851563},"rotation":{"x":0.1017615869641304,"y":0.03431485965847969,"z":-0.003512066788971424,"w":0.9942101240158081},"size":5.1284871101379398,"orthographic":true}