{"cameraMode":{"drawMode":0,"name":"Shaded","section":"Shading Mode"},"sceneLighting":true,"audioPlay":false,"sceneViewState":{"m_AlwaysRefresh":false,"showFog":true,"showSkybox":true,"showFlares":true,"showImageEffects":true,"showParticleSystems":true,"showVisualEffectGraphs":true,"m_FxEnabled":true},"in2DMode":false,"pivot":{"x":-0.40137672424316409,"y":2.0543088912963869,"z":-0.4445762634277344},"rotation":{"x":-0.17104670405387879,"y":-0.29045554995536806,"z":0.05285840108990669,"w":-0.9399812817573547},"size":6.86286735534668,"orthographic":true}