{"cameraMode":{"drawMode":0,"name":"Shaded","section":"Shading Mode"},"sceneLighting":true,"audioPlay":false,"sceneViewState":{"m_AlwaysRefresh":false,"showFog":true,"showSkybox":true,"showFlares":true,"showImageEffects":true,"showParticleSystems":true,"showVisualEffectGraphs":true,"m_FxEnabled":true},"in2DMode":false,"pivot":{"x":-4.572601318359375,"y":-3.428010940551758,"z":0.16158676147460938},"rotation":{"x":-0.04198865592479706,"y":-0.948907732963562,"z":0.14340780675411225,"w":-0.27769917249679568},"size":22.135313034057618,"orthographic":true}