{"cameraMode":{"drawMode":0,"name":"Shaded","section":"Shading Mode"},"sceneLighting":true,"audioPlay":false,"sceneViewState":{"m_AlwaysRefresh":false,"showFog":true,"showSkybox":true,"showFlares":true,"showImageEffects":true,"showParticleSystems":true,"showVisualEffectGraphs":true,"m_FxEnabled":true},"in2DMode":false,"pivot":{"x":0.3164704442024231,"y":0.7740981578826904,"z":3.9431848526000978},"rotation":{"x":-0.149392232298851,"y":0.024029875174164773,"z":-0.0036268162075430156,"w":-0.9884659051895142},"size":4.86170768737793,"orthographic":true}