{"cameraMode":{"drawMode":0,"name":"Shaded","section":"Shading Mode"},"sceneLighting":true,"audioPlay":false,"sceneViewState":{"m_AlwaysRefresh":false,"showFog":true,"showSkybox":true,"showFlares":true,"showImageEffects":true,"showParticleSystems":true,"showVisualEffectGraphs":true,"m_FxEnabled":true},"in2DMode":false,"pivot":{"x":0.41528213024139407,"y":0.29449939727783205,"z":3.762338638305664},"rotation":{"x":-0.149392232298851,"y":0.024029875174164773,"z":-0.0036268162075430156,"w":-0.9884659051895142},"size":7.357978343963623,"orthographic":true}