{"cameraMode":{"drawMode":0,"name":"Shaded","section":"Shading Mode"},"sceneLighting":true,"audioPlay":false,"sceneViewState":{"m_AlwaysRefresh":false,"showFog":true,"showSkybox":true,"showFlares":true,"showImageEffects":true,"showParticleSystems":true,"showVisualEffectGraphs":true,"m_FxEnabled":true},"in2DMode":false,"pivot":{"x":1.317361831665039,"y":5.98723030090332,"z":0.45633792877197268},"rotation":{"x":-0.04198865592479706,"y":-0.948907732963562,"z":0.14340780675411225,"w":-0.27769917249679568},"size":10.424129486083985,"orthographic":true}