{"cameraMode":{"drawMode":0,"name":"Shaded","section":"Shading Mode"},"sceneLighting":true,"audioPlay":false,"sceneViewState":{"m_AlwaysRefresh":false,"showFog":true,"showSkybox":true,"showFlares":true,"showImageEffects":true,"showParticleSystems":true,"showVisualEffectGraphs":true,"m_FxEnabled":true},"in2DMode":false,"pivot":{"x":4.7716217041015629,"y":-1.7985596656799317,"z":13.164068222045899},"rotation":{"x":0.16112206876277924,"y":-0.14012382924556733,"z":0.023116689175367357,"w":0.9766657948493958},"size":15.426618576049805,"orthographic":true}