{"cameraMode":{"drawMode":0,"name":"Shaded","section":"Shading Mode"},"sceneLighting":true,"audioPlay":false,"sceneViewState":{"m_AlwaysRefresh":false,"showFog":true,"showSkybox":true,"showFlares":true,"showImageEffects":true,"showParticleSystems":true,"showVisualEffectGraphs":true,"m_FxEnabled":true},"in2DMode":false,"pivot":{"x":1.4427738189697266,"y":4.652609825134277,"z":-16.594877243041993},"rotation":{"x":-0.0025793530512601139,"y":-0.9812434911727905,"z":0.013249576091766358,"w":-0.19197601079940797},"size":25.668222427368165,"orthographic":true}