{"cameraMode":{"drawMode":0,"name":"Shaded","section":"Shading Mode"},"sceneLighting":false,"audioPlay":false,"sceneViewState":{"m_AlwaysRefresh":false,"showFog":false,"showSkybox":false,"showFlares":false,"showImageEffects":false,"showParticleSystems":false,"showVisualEffectGraphs":true,"m_FxEnabled":true},"in2DMode":false,"pivot":{"x":0.00000286102294921875,"y":3.623394012451172,"z":-0.33750081062316897},"rotation":{"x":0.005263959988951683,"y":-0.9939990639686585,"z":0.09421227127313614,"w":0.055519551038742068},"size":4.261649131774902,"orthographic":true}