{"cameraMode":{"drawMode":0,"name":"Shaded","section":"Shading Mode"},"sceneLighting":false,"audioPlay":false,"sceneViewState":{"m_AlwaysRefresh":false,"showFog":true,"showSkybox":false,"showFlares":true,"showImageEffects":true,"showParticleSystems":true,"showVisualEffectGraphs":true,"m_FxEnabled":true},"in2DMode":false,"pivot":{"x":-0.08426034450531006,"y":3.0883631706237795,"z":0.3375006914138794},"rotation":{"x":0.16112206876277924,"y":-0.14012382924556733,"z":0.023116689175367357,"w":0.9766657948493958},"size":4.326906204223633,"orthographic":true}