{"cameraMode":{"drawMode":0,"name":"Shaded","section":"Shading Mode"},"sceneLighting":false,"audioPlay":false,"sceneViewState":{"m_AlwaysRefresh":false,"showFog":true,"showSkybox":false,"showFlares":true,"showImageEffects":true,"showParticleSystems":true,"showVisualEffectGraphs":true,"m_FxEnabled":true},"in2DMode":false,"pivot":{"x":-0.547711193561554,"y":3.6307475566864015,"z":0.18530035018920899},"rotation":{"x":0.16112206876277924,"y":-0.14012382924556733,"z":0.023116689175367357,"w":0.9766657948493958},"size":5.138352394104004,"orthographic":true}