{"cameraMode":{"drawMode":0,"name":"Shaded","section":"Shading Mode"},"sceneLighting":false,"audioPlay":false,"sceneViewState":{"m_AlwaysRefresh":false,"showFog":false,"showSkybox":false,"showFlares":false,"showImageEffects":false,"showParticleSystems":false,"showVisualEffectGraphs":true,"m_FxEnabled":true},"in2DMode":false,"pivot":{"x":0.19618797302246095,"y":0.20653140544891358,"z":-0.09748837351799011},"rotation":{"x":0.11373566836118698,"y":0.01698952168226242,"z":-0.0019451255211606622,"w":0.993355929851532},"size":1.2905937433242798,"orthographic":true}